Subject,Symptoms,Case Description
Cardiology,chest pain;palpitations,"45-year-old male presents with chest pain and palpitations. Blood pressure 156/98 mmHg, pulse 110 bpm. ECG shows irregular rhythm. Questions: What is the diagnosis? What is the most likely underlying trigger? How would you treat this patient?"
Pharmacology,fever;cough,"28-year-old female presents with fever and productive cough. WBC: 13,500/mm³. Current meds: None. Questions: Which antibiotic is indicated? What are side effects? How should therapy be tailored?"
Surgery,abdominal pain;jaundice,"52-year-old patient with acute upper abdominal pain radiating to the back, mild jaundice. Ultrasound shows gallbladder thickening. Questions: What is the surgical diagnosis? Indications for surgery? First steps in management?"
Gastroenterology,vomiting;abdominal pain,"36-year-old patient with persistent vomiting and upper abdominal pain. Endoscopy confirms peptic ulcer. Questions: What is the underlying mechanism? What treatments are recommended? When is surgery indicated?"
Neurology,headache;vision changes,"21-year-old college student with severe headache and vision changes. CT shows hyperdense area in parietal lobe. Questions: What is the diagnosis? Risk factors? Management protocol?"
Infectious Disease,fever;rash,"19-year-old with high fever, diffuse rash, and malaise. Travel history: rural area, 2 weeks ago. WBC: 15,000/mm³. Questions: What infections are likely? Tests to order? Empirical treatment?"
Cardiology,palpitations;tachycardia,"Remediation: Young adult with new-onset tachycardia. ECG reveals supraventricular tachycardia. Questions: List cardiac causes for this presentation. Suggest specific management steps."
Pharmacology,hypertension;medication reaction,"Remediation: Elderly patient develops cough after starting ACE inhibitor for hypertension. Questions: What is the adverse effect? Alternative medication?"
Surgery,biliary colic;laparoscopic procedure,"Remediation: Patient scheduled for laparoscopic cholecystectomy. What are safety protocols and typical post-op issues?"
